{
  "mean": [
    0.4791378974914551,
    0.45190975069999695,
    0.40782931447029114
  ],
  "std": [
    0.287737637758255,
    0.2795754671096802,
    0.2938769459724426
  ]
}