{
  "mean": [
    0.47322019934654236,
    0.45187145471572876,
    0.40897539258003235
  ],
  "std": [
    0.28491219878196716,
    0.2758142054080963,
    0.2896195352077484
  ]
}