{
  "approach": "classical_ml",
  "classifier": "LogisticRegression",
  "feature_time_sec": 77.76456093788147,
  "train_time_sec": 75.2742600440979,
  "val_acc": 0.3396,
  "test_acc": 0.3322,
  "n_train": 50000,
  "n_val": 10000,
  "n_test": 5000
}