{
  "approach": "classical_ml",
  "classifier": "LinearSVC",
  "feature_time_sec": 77.45590138435364,
  "train_time_sec": 1467.3711471557617,
  "val_acc": 0.2802,
  "test_acc": 0.2728,
  "n_train": 50000,
  "n_val": 10000,
  "n_test": 5000
}