{
  "approach": "classical_ml",
  "classifier": "LogisticRegression",
  "feature_time_sec": 76.94951605796814,
  "train_time_sec": 58.426547050476074,
  "val_acc": 0.3514,
  "test_acc": 0.3306,
  "n_train": 50000,
  "n_val": 10000,
  "n_test": 5000
}