{
  "approach": "classical_ml",
  "classifier": "LogisticRegression",
  "feature_time_sec": 2639.4722015857697,
  "train_time_sec": 17.53067708015442,
  "val_acc": 0.9708,
  "test_acc": 0.9344,
  "n_train": 50000,
  "n_val": 10000,
  "n_test": 5000
}