{
  "approach": "classical_ml",
  "classifier": "LinearSVC",
  "feature_time_sec": 4998.393827676773,
  "train_time_sec": 1320.1079633235931,
  "val_acc": 0.9708,
  "test_acc": 0.9328,
  "n_train": 50000,
  "n_val": 10000,
  "n_test": 5000
}