{
  "approach": "classical_ml",
  "classifier": "LinearSVC",
  "feature_time_sec": 3068.218330860138,
  "train_time_sec": 400.404958486557,
  "val_acc": 0.9137,
  "test_acc": 0.8568,
  "n_train": 50000,
  "n_val": 10000,
  "n_test": 5000
}