{
  "approach": "classical_ml",
  "classifier": "LinearSVC",
  "feature_time_sec": 3956.494642972946,
  "train_time_sec": 296.50498485565186,
  "val_acc": 0.9835,
  "test_acc": 0.939,
  "n_train": 50000,
  "n_val": 10000,
  "n_test": 5000
}