{
  "approach": "classical_ml",
  "classifier": "LogisticRegression",
  "feature_time_sec": 5025.699018239975,
  "train_time_sec": 42.44077515602112,
  "val_acc": 0.9745,
  "test_acc": 0.9446,
  "n_train": 50000,
  "n_val": 10000,
  "n_test": 5000
}