{
  "approach": "classical_ml",
  "classifier": "LinearSVC",
  "feature_time_sec": 1944.7466082572937,
  "train_time_sec": 3679.6298954486847,
  "val_acc": 0.9578,
  "test_acc": 0.919,
  "n_train": 50000,
  "n_val": 10000,
  "n_test": 5000
}