{
  "approach": "classical_ml",
  "classifier": "LinearSVC",
  "feature_time_sec": 2512.907994747162,
  "train_time_sec": 747.0771281719208,
  "val_acc": 0.9663,
  "test_acc": 0.9256,
  "n_train": 50000,
  "n_val": 10000,
  "n_test": 5000
}