{
  "approach": "classical_ml",
  "classifier": "LogisticRegression",
  "feature_time_sec": 1873.8863680362701,
  "train_time_sec": 92.76337814331055,
  "val_acc": 0.9048,
  "test_acc": 0.8704,
  "n_train": 50000,
  "n_val": 10000,
  "n_test": 5000
}