{
  "approach": "classical_ml",
  "classifier": "LogisticRegression",
  "feature_time_sec": 1922.116197347641,
  "train_time_sec": 17.844871282577515,
  "val_acc": 0.9629,
  "test_acc": 0.925,
  "n_train": 50000,
  "n_val": 10000,
  "n_test": 5000
}