{
  "approach": "classical_ml",
  "classifier": "LinearSVC",
  "feature_time_sec": 3009.4053959846497,
  "train_time_sec": 1728.4385738372803,
  "val_acc": 0.1369,
  "test_acc": 0.1388,
  "n_train": 50000,
  "n_val": 10000,
  "n_test": 5000
}