{
  "approach": "classical_ml",
  "classifier": "LogisticRegression",
  "feature_time_sec": 1829.9069604873657,
  "train_time_sec": 672.9117000102997,
  "val_acc": 0.2044,
  "test_acc": 0.1982,
  "n_train": 50000,
  "n_val": 10000,
  "n_test": 5000
}