{
  "mean": [
    0.4731537103652954,
    0.44875189661979675,
    0.4038238823413849
  ],
  "std": [
    0.2839561402797699,
    0.2758079469203949,
    0.2906968295574188
  ]
}