{
  "approach": "classical_ml",
  "classifier": "LogisticRegression",
  "feature_time_sec": 160.1855344772339,
  "train_time_sec": 211.24558877944946,
  "val_acc": 0.3408,
  "test_acc": 0.3254,
  "n_train": 50000,
  "n_val": 10000,
  "n_test": 5000
}