{
  "approach": "classical_ml",
  "classifier": "LinearSVC",
  "feature_time_sec": 208.3327374458313,
  "train_time_sec": 2868.351925611496,
  "val_acc": 0.2806,
  "test_acc": 0.273,
  "n_train": 50000,
  "n_val": 10000,
  "n_test": 5000
}