{
  "approach": "classical_ml",
  "classifier": "LogisticRegression",
  "feature_time_sec": 210.2827854156494,
  "train_time_sec": 370.74581003189087,
  "val_acc": 0.3389,
  "test_acc": 0.3326,
  "n_train": 50000,
  "n_val": 10000,
  "n_test": 5000
}