{
  "approach": "classical_ml",
  "classifier": "LogisticRegression",
  "feature_time_sec": 241.9150938987732,
  "train_time_sec": 3.394949197769165,
  "val_acc": 0.9841,
  "test_acc": 0.9484,
  "n_train": 50000,
  "n_val": 10000,
  "n_test": 5000
}