{
  "approach": "classical_ml",
  "classifier": "LinearSVC",
  "feature_time_sec": 98.9606556892395,
  "train_time_sec": 254.2747540473938,
  "val_acc": 0.8701,
  "test_acc": 0.832,
  "n_train": 50000,
  "n_val": 10000,
  "n_test": 5000
}