{
  "approach": "classical_ml",
  "classifier": "LinearSVC",
  "feature_time_sec": 177.99295830726624,
  "train_time_sec": 491.4373826980591,
  "val_acc": 0.3611,
  "test_acc": 0.3306,
  "n_train": 50000,
  "n_val": 10000,
  "n_test": 5000
}