{
  "approach": "classical_ml",
  "classifier": "LinearSVC",
  "feature_time_sec": 1932.4660403728485,
  "train_time_sec": 71.10283780097961,
  "val_acc": 0.01,
  "test_acc": 0.01,
  "n_train": 50000,
  "n_val": 10000,
  "n_test": 5000
}