{
  "approach": "classical_ml",
  "classifier": "LogisticRegression",
  "feature_time_sec": 3922.2667491436005,
  "train_time_sec": 21.308324098587036,
  "val_acc": 0.9841,
  "test_acc": 0.9484,
  "n_train": 50000,
  "n_val": 10000,
  "n_test": 5000
}