{
  "approach": "classical_ml",
  "classifier": "LogisticRegression",
  "feature_time_sec": 1987.2204005718231,
  "train_time_sec": 0.7165014743804932,
  "val_acc": 0.01,
  "test_acc": 0.01,
  "n_train": 50000,
  "n_val": 10000,
  "n_test": 5000
}