{
  "approach": "classical_ml",
  "classifier": "LogisticRegression",
  "feature_time_sec": 2976.4782004356384,
  "train_time_sec": 767.740061044693,
  "val_acc": 0.138,
  "test_acc": 0.1334,
  "n_train": 50000,
  "n_val": 10000,
  "n_test": 5000
}