{
  "approach": "classical_ml",
  "classifier": "LogisticRegression",
  "feature_time_sec": 2848.763834953308,
  "train_time_sec": 20.257447957992554,
  "val_acc": 0.9841,
  "test_acc": 0.9482,
  "n_train": 50000,
  "n_val": 10000,
  "n_test": 5000
}