{
  "approach": "classical_ml",
  "classifier": "LinearSVC",
  "feature_time_sec": 2682.0296235084534,
  "train_time_sec": 71.05955767631531,
  "val_acc": 0.01,
  "test_acc": 0.01,
  "n_train": 50000,
  "n_val": 10000,
  "n_test": 5000
}