{
  "approach": "classical_ml",
  "classifier": "LogisticRegression",
  "feature_time_sec": 2759.2362632751465,
  "train_time_sec": 0.7229793071746826,
  "val_acc": 0.01,
  "test_acc": 0.01,
  "n_train": 50000,
  "n_val": 10000,
  "n_test": 5000
}