{
  "approach": "classical_ml",
  "classifier": "LinearSVC",
  "feature_time_sec": 194.04737210273743,
  "train_time_sec": 661.8930218219757,
  "val_acc": 0.9708,
  "test_acc": 0.9326,
  "n_train": 50000,
  "n_val": 10000,
  "n_test": 5000
}