{
  "approach": "classical_ml",
  "classifier": "LogisticRegression",
  "feature_time_sec": 3061.052341222763,
  "train_time_sec": 57.272613286972046,
  "val_acc": 0.9403,
  "test_acc": 0.8866,
  "n_train": 50000,
  "n_val": 10000,
  "n_test": 5000
}