{
  "approach": "classical_ml",
  "classifier": "LogisticRegression",
  "feature_time_sec": 51.22609734535217,
  "train_time_sec": 273.9523482322693,
  "val_acc": 0.4564,
  "test_acc": 0.4412,
  "n_train": 50000,
  "n_val": 10000,
  "n_test": 5000
}