{
  "approach": "classical_ml",
  "classifier": "LogisticRegression",
  "feature_time_sec": 195.5138280391693,
  "train_time_sec": 8.85755181312561,
  "val_acc": 0.9749,
  "test_acc": 0.9448,
  "n_train": 50000,
  "n_val": 10000,
  "n_test": 5000
}