{
  "approach": "classical_ml",
  "classifier": "LinearSVC",
  "feature_time_sec": 227.0983180999756,
  "train_time_sec": 127.4168450832367,
  "val_acc": 0.9835,
  "test_acc": 0.939,
  "n_train": 50000,
  "n_val": 10000,
  "n_test": 5000
}