{
  "approach": "classical_ml",
  "classifier": "LinearSVC",
  "feature_time_sec": 118.5729410648346,
  "train_time_sec": 187.36173605918884,
  "val_acc": 0.9134,
  "test_acc": 0.8568,
  "n_train": 50000,
  "n_val": 10000,
  "n_test": 5000
}