{
  "approach": "classical_ml",
  "classifier": "LinearSVC",
  "feature_time_sec": 132.12112832069397,
  "train_time_sec": 336.6800332069397,
  "val_acc": 0.9665,
  "test_acc": 0.9256,
  "n_train": 50000,
  "n_val": 10000,
  "n_test": 5000
}