{
  "approach": "classical_ml",
  "classifier": "LinearSVC",
  "feature_time_sec": 240.91552686691284,
  "train_time_sec": 3578.8611369132996,
  "val_acc": 0.2485,
  "test_acc": 0.2382,
  "n_train": 50000,
  "n_val": 10000,
  "n_test": 5000
}