{
  "approach": "classical_ml",
  "classifier": "LogisticRegression",
  "feature_time_sec": 78.39843487739563,
  "train_time_sec": 45.46359610557556,
  "val_acc": 0.2609,
  "test_acc": 0.246,
  "n_train": 50000,
  "n_val": 10000,
  "n_test": 5000
}