{
  "approach": "classical_ml",
  "classifier": "LogisticRegression",
  "feature_time_sec": 77.67777895927429,
  "train_time_sec": 30.72679901123047,
  "val_acc": 0.3415,
  "test_acc": 0.3254,
  "n_train": 50000,
  "n_val": 10000,
  "n_test": 5000
}