{
  "approach": "classical_ml",
  "classifier": "LinearSVC",
  "feature_time_sec": 76.91903114318848,
  "train_time_sec": 537.6830427646637,
  "val_acc": 0.4495,
  "test_acc": 0.4324,
  "n_train": 50000,
  "n_val": 10000,
  "n_test": 5000
}