{
  "approach": "classical_ml",
  "classifier": "LogisticRegression",
  "feature_time_sec": 179.9563798904419,
  "train_time_sec": 486.52666783332825,
  "val_acc": 0.3528,
  "test_acc": 0.332,
  "n_train": 50000,
  "n_val": 10000,
  "n_test": 5000
}