{
  "approach": "classical_ml",
  "classifier": "LogisticRegression",
  "feature_time_sec": 240.54163718223572,
  "train_time_sec": 305.4780068397522,
  "val_acc": 0.2605,
  "test_acc": 0.247,
  "n_train": 50000,
  "n_val": 10000,
  "n_test": 5000
}